{
  "version": 1,
  "author": "Anonymous maker",
  "editor": "wokwi",
  "parts": [
    { "type": "board-esp32-devkit-c-v4", "id": "esp", "top": 19.2, "left": -119.96, "attrs": {} },
    {
      "type": "wokwi-resistor",
      "id": "r1",
      "top": 109.55,
      "left": 67.2,
      "attrs": { "value": "4700" }
    },
    { "type": "wokwi-lcd1602", "id": "lcd1", "top": -274.97, "left": -51.2, "attrs": {} },
    { "type": "wokwi-dht22", "id": "dht1", "top": -9.3, "left": 167.4, "attrs": {} },
    {
      "type": "wokwi-buzzer",
      "id": "bz1",
      "top": 50.4,
      "left": 280.2,
      "attrs": { "volume": "0.1" }
    },
    { "type": "wokwi-vcc", "id": "vcc1", "top": -56.84, "left": -230.4, "attrs": {} },
    { "type": "wokwi-gnd", "id": "gnd1", "top": -9.6, "left": -231, "attrs": {} },
    {
      "type": "wokwi-resistor",
      "id": "r2",
      "top": -53.65,
      "left": -96,
      "attrs": { "value": "220" }
    }
  ],
  "connections": [
    [ "esp:TX", "$serialMonitor:RX", "", [] ],
    [ "esp:RX", "$serialMonitor:TX", "", [] ],
    [ "dht1:VCC", "esp:3V3", "red", [ "v0", "h-28.8", "v-115.2", "h-259.2" ] ],
    [
      "dht1:GND",
      "esp:GND.1",
      "black",
      [ "h28.8", "v-124.8", "h-364.8", "v172.8", "h0", "v19.2" ]
    ],
    [ "dht1:SDA", "esp:15", "cyan", [ "v0" ] ],
    [ "dht1:SDA", "r1:1", "cyan", [ "v28.8", "h-143.9" ] ],
    [ "r1:2", "dht1:VCC", "red", [ "v0" ] ],
    [ "lcd1:VSS", "esp:GND.1", "black", [ "v48", "h-115.2", "v192", "h9.6", "v67.2", "h9.45" ] ],
    [ "lcd1:VDD", "esp:3V3", "red", [ "v38.4", "h-95.9" ] ],
    [ "lcd1:RS", "esp:4", "limegreen", [ "h0.3", "v240" ] ],
    [ "lcd1:RW", "esp:GND.1", "blue", [ "v28.8", "h-163.3", "v220.8" ] ],
    [ "lcd1:E", "esp:5", "orange", [ "v182.4", "h-28.8", "v28.8" ] ],
    [ "lcd1:D4", "esp:18", "magenta", [ "v9.6", "h-38.4", "v192" ] ],
    [ "lcd1:D5", "esp:19", "magenta", [ "v19.2", "h-38.3", "v172.8" ] ],
    [ "lcd1:D6", "esp:21", "magenta", [ "v28.8", "h-38.2", "v144" ] ],
    [ "lcd1:D7", "esp:22", "magenta", [ "v38.4", "h-38.1", "v105.6" ] ],
    [ "lcd1:A", "r2:2", "white", [ "v0" ] ],
    [ "esp:3V3", "r2:1", "red", [ "h-9.45", "v-96" ] ],
    [ "lcd1:K", "esp:GND.1", "yellow", [ "v115.2", "h-288", "v211.2", "h28.8", "v-9.6" ] ],
    [ "bz1:2", "esp:2", "red", [ "v48", "h-336.4" ] ],
    [ "bz1:1", "esp:GND.1", "black", [ "v124.8", "h-432", "v-86.4" ] ],
    [ "vcc1:VCC", "esp:3V3", "red", [ "v9.6", "h48", "v67.2" ] ],
    [ "gnd1:GND", "esp:GND.1", "black", [ "v0", "h19.2", "v182.4" ] ]
  ],
  "dependencies": {}
}